<?xml version="1.0" encoding="UTF-8"?>
<project-private xmlns="http://www.netbeans.org/ns/project-private/1">
    <editor-bookmarks xmlns="http://www.netbeans.org/ns/editor-bookmarks/2" lastBookmarkId="0"/>
    <open-files xmlns="http://www.netbeans.org/ns/projectui-open-files/2">
        <group>
            <file>file:/C:/Users/tito/OneDrive/Documents/NetBeansProjects/RestaurantManagement/src/Appetizer.java</file>
            <file>file:/C:/Users/tito/OneDrive/Documents/NetBeansProjects/RestaurantManagement/src/MenuManagementScreen.java</file>
            <file>file:/C:/Users/tito/OneDrive/Documents/NetBeansProjects/RestaurantManagement/src/SideDecorator.java</file>
            <file>file:/C:/Users/tito/OneDrive/Documents/NetBeansProjects/RestaurantManagement/src/SauceDecorator.java</file>
            <file>file:/C:/Users/tito/OneDrive/Documents/NetBeansProjects/RestaurantManagement/src/MainMenuScreen.java</file>
            <file>file:/C:/Users/tito/OneDrive/Documents/NetBeansProjects/RestaurantManagement/src/Pizza.java</file>
        </group>
    </open-files>
</project-private>
